{"train_val_gap":0.37148946207581135,"component/yaw":0.05048279057849537,"_timestamp":1.7732604219034557e+09,"lr":5.522642316338268e-05,"component/omega_z":3.2394072034142236,"_runtime":13670,"component/vel_x":0.07964800004706238,"best_val_loss":0.7667838633060455,"val_loss":0.771197959780693,"gpu_memory_mb":1848.778752,"epoch":96,"component/pos_x":8.478799700793444e-05,"component/vel_y":0.2448506039200407,"_wandb":{"runtime":13670},"component/pos_y":3.083233908303858e-05,"grad_norm":0.1637105941772461,"rollout_loss":0,"_step":95,"train_loss":1.1426874218565044,"epoch_time":149.22402284108102}