{"disk_used_gb":0.0014470983296632767,"disk_free_gb":44.66619873046875,"_runtime":90,"pct_complete":150,"_timestamp":1.7730809782264163e+09,"_wandb":{"runtime":90},"_step":2,"fps_rolling":16.665192319956347,"transitions_collected":1500,"eta_hours":-0.00833407057190521,"fps_current":16.665400013155956}