{"fps_rolling":55.48484009433046,"gb_collected":8.305895804427564,"throughput_transitions_per_sec":55.48484009433046,"total_transitions":4339283,"_step":2485,"respawns_total":66,"_wandb":{"runtime":78233},"nan_discards_total":1,"fps_current":56.47763043864963,"worker_count":16,"_timestamp":1.7732348406759186e+09,"pct_complete":8.678566,"_runtime":78233,"disk_free_gb":33.096004486083984,"batch_count":43392,"eta_hours":228.59455805291267}