{"component/pos_x":7.581737344061663e-05,"component/yaw":0.6628904047976719,"val_loss":0.24192570745944977,"component/vel_x":0.03666767321024718,"_wandb":{"runtime":4400},"component/omega_z":0.00039788524298636617,"train_loss":1.41143552590622,"_runtime":4400,"rollout_loss":0.1108991423768274,"epoch":200,"component/pos_y":7.509336975407054e-05,"component/vel_y":0.036742278175909866,"_step":199,"_timestamp":1.7731177852458956e+09,"lr":0,"best_val_loss":0.24190481305122374}