{"gpu_memory_mb":4000.335872,"lr":0,"_runtime":30065,"best_val_loss":0.673721969127655,"_timestamp":1.773290628691934e+09,"train_val_gap":0.18009359773361322,"component/yaw":0.02763487630043969,"component/pos_x":1.5095486946158802e-05,"component/pos_y":1.25506903989872e-05,"component/vel_x":0.06557207103028442,"epoch_time":142.7055387571454,"_step":199,"epoch":200,"grad_norm":0.23869001865386963,"rollout_loss":0,"train_loss":0.8542398774262631,"val_loss":0.6741462796926498,"_wandb":{"runtime":30065},"component/vel_y":0.20898066415931238,"component/omega_z":2.6475748564257766}