{"best_val_loss":0.2215872436761856,"_runtime":1837,"train_loss":0.2113830614625738,"rollout_loss":0.10342975588661901,"_wandb":{"runtime":1837},"component/yaw":0.4825930508334985,"_step":83,"val_loss":0.23089330717921258,"component/vel_x":0.028905955687416402,"component/pos_y":5.943997957422581e-05,"lr":0.0001940483007413446,"component/omega_z":1.800710737398639e-05,"epoch":84,"component/vel_y":0.02894503961243991,"_timestamp":1.7731231885752747e+09,"component/pos_x":6.037471105761204e-05}