{"component/pos_y":0.0001942282035313102,"component/vel_x":0.07257499123054943,"best_val_loss":0.23708875104784966,"_timestamp":1.7731505080665672e+09,"component/yaw":1.0731334528896246,"_runtime":1961,"component/pos_x":0.0002213770317160943,"epoch":26,"_wandb":{"runtime":1961},"lr":0.0009716559066288715,"val_loss":0.24382735341787337,"_step":25,"component/omega_z":3.298322571246511e-05,"rollout_loss":0.4815617349794072,"component/vel_y":0.06379907247558068,"train_loss":0.5113028818636798}