{
  "experiment": "exp1_reward_landscape",
  "n_episodes": 50,
  "n_steps": 10000,
  "reward_stats": {
    "mean": 0.04930370853845088,
    "std": 0.07849698366198532,
    "min": 0.00017259323794860393,
    "max": 0.8277957439422607,
    "median": 0.02048525307327509
  },
  "distance_stats": {
    "mean": 0.7809136509895325,
    "std": 0.28312239050865173,
    "min": 0.03779776021838188,
    "max": 1.7329145669937134,
    "median": 0.7776100635528564
  },
  "reward_histogram": {
    "bins": [
      0,
      0.001,
      0.01,
      0.05,
      0.1,
      0.5,
      1.0
    ],
    "counts": [
      227,
      2791,
      4337,
      1302,
      1303,
      40
    ],
    "fractions": [
      0.0227,
      0.2791,
      0.4337,
      0.1302,
      0.1303,
      0.004
    ]
  },
  "reward_thresholds": {
    "frac_gt_0.01": 0.6982,
    "frac_gt_0.05": 0.2645,
    "frac_gt_0.1": 0.1343
  },
  "alternative_rewards": {
    "exp_neg2d": {
      "mean": 0.24469873309135437,
      "std": 0.1391088217496872,
      "median": 0.2111429125070572
    },
    "exp_neg1d": {
      "mean": 0.4763544499874115,
      "std": 0.13336104154586792,
      "median": 0.4595028758049011
    }
  }
}