{
  "experiment": "exp2_action_impact",
  "zero_action": {
    "n_episodes": 10,
    "n_steps": 2000,
    "tip_displacement": {
      "mean": 0.0,
      "std": 0.0
    },
    "state_change": {
      "mean": 0.004999999930383638,
      "std": 1.3993089217050596e-08
    }
  },
  "random_action": {
    "n_episodes": 10,
    "n_steps": 2000,
    "tip_displacement": {
      "mean": 0.052416845913277936,
      "std": 0.02958146735279807
    },
    "state_change": {
      "mean": 2.1226207237243653,
      "std": 0.7587476418597134
    }
  },
  "displacement_ratio": Infinity,
  "interpretation": "actions_have_effect"
}