{"component/vel_x":0.03428674629481321,"component/pos_y":7.087926116603259e-05,"component/yaw":0.5921783731894547,"best_val_loss":0.23465411961078644,"val_loss":0.2407908968627453,"lr":0.0009716559066288715,"_wandb":{"runtime":1854},"component/pos_x":7.078265962570257e-05,"_runtime":1854,"train_loss":0.22684442461206672,"rollout_loss":0.1079399881654241,"_timestamp":1.7731502423494048e+09,"component/vel_y":0.03443721457897277,"_step":25,"component/omega_z":7.702895739326225e-06,"epoch":26}