{"_wandb":{"runtime":611},"_step":28,"_runtime":611,"_timestamp":1.773148519886075e+09,"epoch":29,"component/vel_x":0.033454814025860154,"rollout_loss":0,"component/yaw":0.5728339660033751,"best_val_loss":0.23134661689400673,"component/vel_y":0.033543774167473395,"lr":0.0009630873244788883,"component/omega_z":6.565450663590914e-06,"train_loss":0.2204162102569355,"val_loss":0.24374953359365464,"component/pos_x":6.787316894761727e-05,"component/pos_y":6.801924327999259e-05}