{"_step":562,"eta_hours":-0.004689827023237056,"_wandb":{"runtime":16949},"_runtime":16949,"disk_used_gb":1.6765794642269611,"fps_current":83.1173786225683,"fps_rolling":59.22985568581747,"nan_discards_total":0,"pct_complete":100.1,"transitions_collected":1001000,"respawns_total":9,"disk_free_gb":42.94142150878906,"_timestamp":1.7731061247644677e+09}