{"transitions_collected":1000,"disk_used_gb":0.0009665060788393021,"disk_free_gb":44.66632843017578,"fps_current":33.33082212635612,"_timestamp":1.7730810538566577e+09,"_wandb":{"runtime":60},"_runtime":60,"pct_complete":200,"eta_hours":-0.008334110201232963,"_step":1,"fps_rolling":16.6651130756996}