{"epoch":62,"component/pos_x":6.656920215411875e-05,"val_loss":0.2314774736762047,"train_loss":0.3379859333292822,"lr":0.00024107437617280667,"_step":61,"_wandb":{"runtime":1327},"_runtime":1327,"component/vel_x":0.033150383637527404,"_timestamp":1.7731213402835212e+09,"component/pos_y":6.606039662503382e-05,"component/omega_z":5.2324355207604875e-05,"best_val_loss":0.22796347811818124,"rollout_loss":0.1064130159492573,"component/yaw":0.5716069022591195,"component/vel_y":0.033226531919803515}