{"component/vel_y":0.03603944000317139,"component/yaw":0.6437751115038154,"rollout_loss":0.11141674609833889,"_runtime":2206,"component/pos_y":7.297099286558242e-05,"component/omega_z":4.932777072896356e-05,"component/vel_x":0.03602843007512307,"train_loss":0.3514761361345816,"_timestamp":1.773120001697185e+09,"epoch":102,"component/pos_x":7.324659714725109e-05,"_wandb":{"runtime":2206},"best_val_loss":0.23506544679403304,"lr":0.00015120829179920847,"_step":101,"val_loss":0.23902841806411743}