{"_timestamp":1.7731259095525985e+09,"component/pos_x":5.404904141470795e-05,"best_val_loss":0.2160864293575287,"val_loss":0.21871798038482665,"component/vel_y":0.025006999711642105,"component/omega_z":7.361724403210062e-07,"component/pos_y":5.332758139068093e-05,"component/vel_x":0.02501643504528852,"train_loss":0.14764030034957307,"_step":123,"_wandb":{"runtime":2711},"rollout_loss":0.09903813207919678,"lr":0.00033025213793178644,"_runtime":2711,"component/yaw":0.4186247598923994,"epoch":124}